Desarrollo Aplicaciones Multiplataformas,1ºDAM,Bases de Datos,1,1
Desarrollo Aplicaciones Multiplataformas,1ºDAM,Bases de Datos,1,2
Desarrollo Aplicaciones Multiplataformas,1ºDAM,Bases de Datos,2,1
Desarrollo Aplicaciones Multiplataformas,1ºDAM,Bases de Datos,3,5
Desarrollo Aplicaciones Multiplataformas,1ºDAM,Bases de Datos,4,6
Desarrollo Aplicaciones Multiplataformas,1ºDAM,Bases de Datos,5,2
Desarrollo Aplicaciones Multiplataformas,1ºDAM,Entornos de Desarrollo,1,5
Desarrollo Aplicaciones Multiplataformas,1ºDAM,Entornos de Desarrollo,3,1
Desarrollo Aplicaciones Multiplataformas,1ºDAM,Entornos de Desarrollo,4,4
Desarrollo Aplicaciones Multiplataformas,1ºDAM,Formación y Orientación Laboral,2,3
Desarrollo Aplicaciones Multiplataformas,1ºDAM,Formación y Orientación Laboral,3,6
Desarrollo Aplicaciones Multiplataformas,1ºDAM,Formación y Orientación Laboral,5,3
Desarrollo Aplicaciones Multiplataformas,1ºDAM,FOP,5,1
Desarrollo Aplicaciones Multiplataformas,1ºDAM,Lenguajes de Marcas y Sistemas de Gestión de la Información,1,3
Desarrollo Aplicaciones Multiplataformas,1ºDAM,Lenguajes de Marcas y Sistemas de Gestión de la Información,2,2
Desarrollo Aplicaciones Multiplataformas,1ºDAM,Lenguajes de Marcas y Sistemas de Gestión de la Información,4,1
Desarrollo Aplicaciones Multiplataformas,1ºDAM,Lenguajes de Marcas y Sistemas de Gestión de la Información,5,6
Desarrollo Aplicaciones Multiplataformas,1ºDAM,Programación,1,6
Desarrollo Aplicaciones Multiplataformas,1ºDAM,Programación,2,6
Desarrollo Aplicaciones Multiplataformas,1ºDAM,Programación,3,2
Desarrollo Aplicaciones Multiplataformas,1ºDAM,Programación,3,3
Desarrollo Aplicaciones Multiplataformas,1ºDAM,Programación,4,2
Desarrollo Aplicaciones Multiplataformas,1ºDAM,Programación,4,3
Desarrollo Aplicaciones Multiplataformas,1ºDAM,Programación,5,4
Desarrollo Aplicaciones Multiplataformas,1ºDAM,Programación,5,5
Desarrollo Aplicaciones Multiplataformas,1ºDAM,Sistemas Informáticos,1,4
Desarrollo Aplicaciones Multiplataformas,1ºDAM,Sistemas Informáticos,2,4
Desarrollo Aplicaciones Multiplataformas,1ºDAM,Sistemas Informáticos,2,5
Desarrollo Aplicaciones Multiplataformas,1ºDAM,Sistemas Informáticos,3,4
Desarrollo Aplicaciones Multiplataformas,1ºDAM,Sistemas Informáticos,4,5
Desarrollo Aplicaciones Multiplataformas,2ºDAM,Acceso a Datos,1,1
Desarrollo Aplicaciones Multiplataformas,2ºDAM,Acceso a Datos,5,1
Desarrollo Aplicaciones Multiplataformas,2ºDAM,Acceso a Datos,4,3
Desarrollo Aplicaciones Multiplataformas,2ºDAM,Acceso a Datos,3,6
Desarrollo Aplicaciones Multiplataformas,2ºDAM,Desarrollo de Interfaces,1,4
Desarrollo Aplicaciones Multiplataformas,2ºDAM,Desarrollo de Interfaces,1,5
Desarrollo Aplicaciones Multiplataformas,2ºDAM,Desarrollo de Interfaces,2,2
Desarrollo Aplicaciones Multiplataformas,2ºDAM,Desarrollo de Interfaces,2,3
Desarrollo Aplicaciones Multiplataformas,2ºDAM,Desarrollo de Interfaces,3,1
Desarrollo Aplicaciones Multiplataformas,2ºDAM,Desarrollo de Interfaces,4,6
Desarrollo Aplicaciones Multiplataformas,2ºDAM,Desarrollo de Interfaces,5,4
Desarrollo Aplicaciones Multiplataformas,2ºDAM,Empresa e Iniciativa Emprendedora,1,6
Desarrollo Aplicaciones Multiplataformas,2ºDAM,Empresa e Iniciativa Emprendedora,2,4
Desarrollo Aplicaciones Multiplataformas,2ºDAM,Empresa e Iniciativa Emprendedora,3,4
Desarrollo Aplicaciones Multiplataformas,2ºDAM,Empresa e Iniciativa Emprendedora,5,5
Desarrollo Aplicaciones Multiplataformas,2ºDAM,FOP,4,2
Desarrollo Aplicaciones Multiplataformas,2ºDAM,Inglés,2,5
Desarrollo Aplicaciones Multiplataformas,2ºDAM,Inglés,3,3
Desarrollo Aplicaciones Multiplataformas,2ºDAM,Inglés,4,4
Desarrollo Aplicaciones Multiplataformas,2ºDAM,Programación de Servicios y Procesos,2,1
Desarrollo Aplicaciones Multiplataformas,2ºDAM,Programación de Servicios y Procesos,3,2
Desarrollo Aplicaciones Multiplataformas,2ºDAM,Programación de Servicios y Procesos,5,3
Desarrollo Aplicaciones Multiplataformas,2ºDAM,Programación Multimedia y Dispositivos Móviles,1,2
Desarrollo Aplicaciones Multiplataformas,2ºDAM,Programación Multimedia y Dispositivos Móviles,2,6
Desarrollo Aplicaciones Multiplataformas,2ºDAM,Programación Multimedia y Dispositivos Móviles,4,5
Desarrollo Aplicaciones Multiplataformas,2ºDAM,Programación Multimedia y Dispositivos Móviles,5,6
Desarrollo Aplicaciones Multiplataformas,2ºDAM,Sistemas de Gestión Empresarial,1,3
Desarrollo Aplicaciones Multiplataformas,2ºDAM,Sistemas de Gestión Empresarial,3,5
Desarrollo Aplicaciones Multiplataformas,2ºDAM,Sistemas de Gestión Empresarial,4,1
Desarrollo Aplicaciones Multiplataformas,2ºDAM,Sistemas de Gestión Empresarial,5,2
