Instalaciones Eléctricas y Automáticas,1ºIEA,Automatismos industriales,1,1
Instalaciones Eléctricas y Automáticas,1ºIEA,Automatismos industriales,1,2
Instalaciones Eléctricas y Automáticas,1ºIEA,Automatismos industriales,2,1
Instalaciones Eléctricas y Automáticas,1ºIEA,Automatismos industriales,3,5
Instalaciones Eléctricas y Automáticas,1ºIEA,Automatismos industriales,4,6
Instalaciones Eléctricas y Automáticas,1ºIEA,Automatismos industriales,5,2
Instalaciones Eléctricas y Automáticas,1ºIEA,Electrónica,1,5
Instalaciones Eléctricas y Automáticas,1ºIEA,Electrónica,3,1
Instalaciones Eléctricas y Automáticas,1ºIEA,Electrónica,4,4
Instalaciones Eléctricas y Automáticas,1ºIEA,Formación y Orientación Laboral,2,3
Instalaciones Eléctricas y Automáticas,1ºIEA,Formación y Orientación Laboral,3,6
Instalaciones Eléctricas y Automáticas,1ºIEA,Formación y Orientación Laboral,5,3
Instalaciones Eléctricas y Automáticas,1ºIEA,FOP,5,1
Instalaciones Eléctricas y Automáticas,1ºIEA,Electrónica,1,3
Instalaciones Eléctricas y Automáticas,1ºIEA,Electrónica,2,2
Instalaciones Eléctricas y Automáticas,1ºIEA,Electrónica,4,1
Instalaciones Eléctricas y Automáticas,1ºIEA,Electrónica,5,6
Instalaciones Eléctricas y Automáticas,1ºIEA,Electrotecnia,1,6
Instalaciones Eléctricas y Automáticas,1ºIEA,Electrotecnia,2,6
Instalaciones Eléctricas y Automáticas,1ºIEA,Electrotecnia,3,2
Instalaciones Eléctricas y Automáticas,1ºIEA,Electrotecnia,3,3
Instalaciones Eléctricas y Automáticas,1ºIEA,Electrotecnia,4,2
Instalaciones Eléctricas y Automáticas,1ºIEA,Electrotecnia,4,3
Instalaciones Eléctricas y Automáticas,1ºIEA,Electrotecnia,5,4
Instalaciones Eléctricas y Automáticas,1ºIEA,Electrotecnia,5,5
Instalaciones Eléctricas y Automáticas,1ºIEA,Instalaciones eléctricas de interior,1,4
Instalaciones Eléctricas y Automáticas,1ºIEA,Instalaciones eléctricas de interior,2,4
Instalaciones Eléctricas y Automáticas,1ºIEA,Instalaciones eléctricas de interior,2,5
Instalaciones Eléctricas y Automáticas,1ºIEA,Instalaciones eléctricas de interior,3,4
Instalaciones Eléctricas y Automáticas,1ºIEA,Instalaciones eléctricas de interior,4,5
Instalaciones Eléctricas y Automáticas,2ºIEA,Instalaciones de distribución.,1,1
Instalaciones Eléctricas y Automáticas,2ºIEA,Instalaciones de distribución.,5,1
Instalaciones Eléctricas y Automáticas,2ºIEA,Instalaciones de distribución.,4,3
Instalaciones Eléctricas y Automáticas,2ºIEA,Instalaciones de distribución.,3,6
Instalaciones Eléctricas y Automáticas,2ºIEA,Infraestructuras comunes de telecomunicación en viviendas y edificios,1,4
Instalaciones Eléctricas y Automáticas,2ºIEA,Infraestructuras comunes de telecomunicación en viviendas y edificios,1,5
Instalaciones Eléctricas y Automáticas,2ºIEA,Infraestructuras comunes de telecomunicación en viviendas y edificios,2,2
Instalaciones Eléctricas y Automáticas,2ºIEA,Infraestructuras comunes de telecomunicación en viviendas y edificios,2,3
Instalaciones Eléctricas y Automáticas,2ºIEA,Infraestructuras comunes de telecomunicación en viviendas y edificios,3,1
Instalaciones Eléctricas y Automáticas,2ºIEA,Infraestructuras comunes de telecomunicación en viviendas y edificios,4,6
Instalaciones Eléctricas y Automáticas,2ºIEA,Infraestructuras comunes de telecomunicación en viviendas y edificios,5,4
Instalaciones Eléctricas y Automáticas,2ºIEA,Empresa e Iniciativa Emprendedora,1,6
Instalaciones Eléctricas y Automáticas,2ºIEA,Empresa e Iniciativa Emprendedora,2,4
Instalaciones Eléctricas y Automáticas,2ºIEA,Empresa e Iniciativa Emprendedora,3,4
Instalaciones Eléctricas y Automáticas,2ºIEA,Empresa e Iniciativa Emprendedora,5,5
Instalaciones Eléctricas y Automáticas,2ºIEA,FOP,4,2
Instalaciones Eléctricas y Automáticas,2ºIEA,Inglés,2,5
Instalaciones Eléctricas y Automáticas,2ºIEA,Inglés,3,3
Instalaciones Eléctricas y Automáticas,2ºIEA,Inglés,4,4
Instalaciones Eléctricas y Automáticas,2ºIEA,Electrotecnia de Servicios y Procesos,2,1
Instalaciones Eléctricas y Automáticas,2ºIEA,Electrotecnia de Servicios y Procesos,3,2
Instalaciones Eléctricas y Automáticas,2ºIEA,Electrotecnia de Servicios y Procesos,5,3
Instalaciones Eléctricas y Automáticas,2ºIEA,Instalaciones solares fotovoltaicas,1,2
Instalaciones Eléctricas y Automáticas,2ºIEA,Instalaciones solares fotovoltaicas,2,6
Instalaciones Eléctricas y Automáticas,2ºIEA,Instalaciones solares fotovoltaicas,4,5
Instalaciones Eléctricas y Automáticas,2ºIEA,Instalaciones solares fotovoltaicas,5,6
Instalaciones Eléctricas y Automáticas,2ºIEA,Instalaciones domóticas,1,3
Instalaciones Eléctricas y Automáticas,2ºIEA,Instalaciones domóticas,3,5
Instalaciones Eléctricas y Automáticas,2ºIEA,Instalaciones domóticas,4,1
Instalaciones Eléctricas y Automáticas,2ºIEA,Instalaciones domóticas,5,2
